NO.,NAMA KAPAL,CABANG,TANGGAL KEDATANGAN,TANGGAL KEBERANGKATAN,DARI,TUJUAN,,PENUMPANG TURUN,PENUMPANG NAIK,"JUMLAH
CREW"
1,AZAMARA JOURNEY,Benoa,31/12/16,01/1/17,KOMODO,CELUKAN BAWANG,,660,649,330
2,"EUROPA, MS",Benoa,07/1/17,08/1/17,SINGAPURA,LEMBAR,,322,321,161
3,SEABURN ENCORE,Benoa,16/1/17,18/1/17,KOMODO,LEMBAR,,502,562,251
4,"DIAMOND PRINCESS, MS",Benoa,20/1/17,20/1/17,SINGAPURA,PORT KLANG,,"2,762","2,750",1381
5,ASTOR,Benoa,21/1/17,22/1/17,AUSTRALIA,AUSTRALIA,,198,214,99
6,"NORWEGIAN STAR, MS",Benoa,26/1/17,26/1/17,SINGAPURA,KOMODO,,"2,074","2,073",1037
7,AZAMARA JOURNEY,Benoa,04/2/17,04/2/17,SINGAPURA,KOMODO,,636,638,318
8,"EUROPA 2, MS",Benoa,05/2/17,06/2/17,KOMODO,KOMODO,,407,449,204
9,VOLENDAM,Benoa,08/2/17,09/2/17,LOMBOK,PROBOLINGO,,"1,372","1,351",686
10,PACIFIC DAWN,Benoa,15/2/17,15/2/17,SINGAPURA,KOMODO,,"1,713","1,710",857
11,SEVEN SEAS VOYAGER,Benoa,16/2/17,17/2/17,KOMODO,SINGAPURA,,658,646,329
12,AURORA,Benoa,17/2/17,17/2/17,SEMARANG,FREEMANTLE,,"1,780","1,769",890
13,RADIANCE OF THE SEAS,Benoa,20/2/17,20/2/17,DARWIN,PORTHEADLAND,,"2,081","2,084",1041
14,SILVER WHISPER,Benoa,22/2/17,22/2/17,AUSTRALIA,C. BAWANG,,310,307,155
15,CRYSTAL SIMPHONY,Benoa,22/2/17,24/2/17,DARWIN,KOMODO,,820,825,410
16,ALBATROS,Benoa,27/2/17,28/2/17,KOMODO,KOMODO,,606,525,303
17,"NORWEGIAN STAR, MS",Benoa,05/3/17,05/3/17,KOMODO,KUALA LUMPUR,,"1,847","1,839",924
18,PACIFIC DAWN,Benoa,06/3/17,06/3/17,SINGAPURA,KOMODO,,"1,719","1,720",860
19,MAGELLAN,Benoa,10/3/17,11/3/17,KOMODO,TJ. EMAS,,491,482,246
20,SEVEN SEAS NAVIGATOR,Benoa,12/3/17,13/3/17,KOMODO,SINGAPURA,,462,428,231
21,BLACK WATCH,Benoa,14/3/17,15/3/17,KOMODO,SINGAPURA,,262,270,131
22,INSIGNIA,Benoa,16/3/17,17/3/17,KOMODO,TJ. EMAS,,560,512,280
23,SIRENA,Benoa,20/3/17,21/3/17,KOMODO,TJ. EMAS,,638,641,319
24,SEABURN ENCORE,Benoa,22/3/17,23/3/17,LEMBAR,KOMODO,,558,565,279
25,SILVER DISCOVERER,Benoa,26/3/17,26/3/17,PROBOLINGGO,KODI,,66,94,33
26,ARTANIA,Benoa,29/3/17,31/3/17,KOMODO,TJ. PERAK,,734,670,367
27,AZAMARA JOURNEY,Benoa,06/4/17,06/4/17,AUSTRALIA,SINGAPURA,,636,629,318
28,PACIFIC PEARL,Benoa,09/4/17,09/4/17,KOMODO,SINGAPURA,,"1,620","1,618",810
29,PACIFIC EDEN,Benoa,13/4/17,14/4/17,FREEMANTLE,PROBOLINGGO,,"1,381","1,373",691
30,BREMEN,Benoa,22/4/17,22/4/17,KOMODO,TJ. EMAS,,137,134,69
31,PAUL GAUGUIN,Benoa,15/5/17,15/5/17,LEMBAR,SINGAPURA,,266,120,133
32,DAWN PRINCESS,Benoa,18/5/17,18/5/17,AUSTRALIA,MALAYSIA,,1985,1987,993
33,STAR CLIPPER,Benoa,20/5/17,20/5/17,LEMBAR,KOMODO,,136,146,68
34,STAR CLIPPER,Benoa,27/5/17,27/5/17,KOMODO,LEMBAR,,146,104,73
35,STAR CLIPPER,Benoa,03/6/17,03/6/17,LEMBAR,KOMODO,,104,138,52
36,PACIFIC EDEN,Benoa,04/6/17,05/6/17,PROBOLINGGO,FREEMANTLE,,1281,1273,641
37,PAUL GAUGUIN,Benoa,07/6/17,07/6/17,SINGAPURA,LOMBOK,,51,289,26
38,STAR CLIPPER,Benoa,10/6/17,10/6/17,GILI NANGGU,GILI KONDO,,138,76,69
39,STAR CLIPPER,Benoa,21/6/17,21/6/17,GILI SUDAK,GILI KONDO,,81,72,41
40,STAR CLIPPER,Benoa,01/7/17,01/7/17,GILI SUDAK,GILI KONDO,,72,98,36
41,STAR CLIPPER,Benoa,08/7/17,08/7/17,GILI NANGGU,MADURA,,98,68,49
42,PACIFIC EDEN,Benoa,09/7/17,10/7/17,LEMBAR,PROBOLINGGO,,1400,1399,700
43,STAR CLIPPER,Benoa,15/7/17,15/7/17,GILI SUDAK,GILI KONDO,,68,135,34
44,STAR CLIPPER,Benoa,22/7/17,22/7/17,GILI SUDAK,GILI KONDO,,135,104,68
45,STAR CLIPPER,Benoa,02/8/17,02/8/17,GILI SUDAK,GILI KONDO,,104,105,52
46,STAR CLIPPER,Benoa,12/8/17,12/8/17,GILI SUDAK,GILI KONDO,,102,130,51
47,PACIFIC EDEN,Benoa,13/8/17,14/8/17,SINGAPURA,LOMBOK,,1264,1252,632
48,STAR CLIPPER,Benoa,19/8/17,19/8/17,GILI NANGGU,MADURA,,130,77,65
49,STAR CLIPPER,Benoa,26/8/17,26/8/17,GILI NANGGU,MADURA,,77,116,39
50,STAR CLIPPER,Benoa,02/9/17,02/9/17,GILI NANGGU,MADURA,,116,98,58
51,STAR CLIPPER,Benoa,09/9/17,09/9/17,GILI SUDAK,GILI KONDO,,98,148,49
52,STAR CLIPPER,Benoa,16/9/17,16/9/17,GILI NANGGU,MADURA,,148,101,74
53,L'AUSTRAL,Benoa,22/9/17,22/9/17,KOMODO,MAKASSAR,,211,186,106
54,STAR CLIPPER,Benoa,23/9/17,23/9/17,GILI SUDAK,GILI KONDO,,101,151,51
55,SEA PRINCESS,Benoa,29/9/17,29/9/17,PROBOLINGGO,LEMBAR,,2027,2022,1014
56,STAR CLIPPER,Benoa,30/9/17,30/9/17,GILI NANGGU,GILI GENTENG,,149,110,75
57,L'AUSTRAL,Benoa,03/10/17,03/10/17,MAUMERE,SEMARANG,,184,204,92
58,STAR CLIPPER,Benoa,07/10/17,07/10/17,GILI NANGGU,MADURA,,111,134,56
59,SEA PRINCESS,Benoa,12/10/17,12/10/17,FREEMANTLE,MALAYSIA,,"1,971","1,967",986
60,STAR CLIPPER,Benoa,14/10/17,14/10/17,GILI SUDAK,GILI KONDO,,134,145,67
61,MAASDAM,Benoa,03/11/17,03/11/17,KOMODO,"EXMOUTH,AUSTRALIA",,1078,1075,539
62,AMSTERDAM,Benoa,12/11/17,12/11/17,SEMARANG,KOMODO,,1131,1126,566
63,SEA PRINCESS,Benoa,14/11/17,14/11/17,KUALA LUMPUR,FREEMANTLE,,1917,1902,959
64,SEABURN ENCORE,Benoa,16/11/17,17/11/17,CELUKAN BAWANG,LOMBOK,,515,564,258
65,SILVER SHADOW,Benoa,22/11/17,22/11/17,SURABAYA,KOMODO,,375,373,188
66,SILVER DISCOVERER,Benoa,23/11/17,23/11/17,KOMODO,TANJUNG WANGI,,80,96,40
67,L'AUSTRAL,Benoa,24/11/17,24/11/17,PROBOLINGGO,KOMODO,,212,216,106
68,ASTOR,Benoa,24/12/17,25/12/17,FREEMANTLE,FREEMANTLE,,535,540,268
69,MV. SEABOURN ENCORE,Tanjung Emas,10/1/16,10/1/16,SINGAPURA,TANJUNG PERAK,,520,520,260
70,MV. VOLENDAM,Tanjung Emas,03/2/17,03/2/17,TANJUNG PRIUK,TANJUNG PERAK,,1374,1374,687
71,MV. AURORA,Tanjung Emas,15/2/17,15/2/17,SINGAPURA,BENOA,,1780,1780,890
72,MV. ALBATROS,Tanjung Emas,02/3/17,02/3/17,BENOA,KARIMUN JAWA,,525,525,263
73,MV. MAGELLAN,Tanjung Emas,13/3/17,13/3/17,BENOA,PHILIPINA,,831,831,416
74,MV. INSIGNIA,Tanjung Emas,19/3/17,19/3/17,BENOA,MALAYSIA,,631,631,316
75,MV. SEABOURN ENCORE,Tanjung Emas,29/3/17,29/3/17,TANJUNG PERAK,SINGAPURA,,559,559,280
76,MV. ARTANIA,Tanjung Emas,02/4/17,02/4/17,TANJUNG PERAK,SINGAPURA,,732,732,366
77,MV. BREMEN,Tanjung Emas,24/4/17,24/4/17,BENOA,RIAU,,137,137,69
78,MV. STAR CLIPPER,Tanjung Emas,14/5/17,14/5/17,KARIMUNJAWA,SUMENEP,,151,151,76
79,MS. SEA PRINCESS,Tanjung Emas,26/9/17,26/9/17,MAKASSAR,PROBOLINGGO,,2026,2026,1013
80,MV. L'AUSTRAL,Tanjung Emas,05/10/17,05/10/17,BENOA,SINGAPURA,,204,204,102
81,MV. STAR CLIPPER,Tanjung Emas,20/10/17,20/10/17,SUMENEP,SINGAPURA,,143,143,72
82,MS. AMSTERDAM,Tanjung Emas,10/11/17,10/11/17,SINGAPORE,DARWIN,,1133,1133,567
83,MV. SEABOURN ENCORE,Tanjung Emas,13/11/17,13/11/17,SINGAPORE,DARWIN,,552,552,276
84,MV. SILVER SHADOW,Tanjung Emas,20/11/17,20/11/17,TANJUNG PRIUK,DARWIN,,375,375,188
85,MV. AZAMARA JOURNEY,Celukan Bawang,02/1/17,02/1/17,BENOA,SINGAPURA,,656,656,328
86,MV. SEABOURN ENCORE,Celukan Bawang,13/1/17,13/1/17,TANJUNG TEMBAGA,KOMODO,,502,502,251
87,MV. SILVER WHISPER,Celukan Bawang,23/2/17,23/2/17,BENOA,CELUKAN BAWANG,,307,307,154
88,MV. SEABOURN ENCORE,Celukan Bawang,26/3/17,26/3/17,KOMODO,CELUKAN BAWANG,,559,559,280
89,MV. SEABOURN ENCORE,Celukan Bawang,15/11/17,15/11/17,TANJUNG PERAK,BENOA,,551,551,276
90,MV. GENTING DREAM,Celukan Bawang,13/12/17,13/12/17,TANJUNG PERAK,SINGAPURA,,2566,2566,1283
91,MV. GENTING DREAM,Celukan Bawang,27/12/17,27/12/17,TANJUNG PERAK,SINGAPURA,,4401,4401,2201
92,MS. SEABOURN ENCORE,Tanjung Perak,11/1/17,11/1/17,TANJUNG EMAS,PROBOLINGGO,,520,520,260
93,MS. VOLENDAM,Tanjung Perak,04/2/17,04/2/17,TANJUNG EMAS,"SLAWY BAY, KOMODO",,1374,1374,687
94,MS. SEABOURN ENCORE,Tanjung Perak,28/3/17,28/3/17,PROBOLINGGO,TANJUNG EMAS,,559,559,280
95,MS. ARTANIA,Tanjung Perak,01/4/17,01/4/17,BENOA,TANJUNG EMAS,,670,670,335
96,MS. SEABOURN ENCORE,Tanjung Perak,14/11/17,14/11/17,TANJUNG EMAS,CELUKAN BAWANG,,552,551,276
97,MS. SILVER SHADOW,Tanjung Perak,21/11/17,21/11/17,TANJUNG EMAS,BENOA,,375,375,188
98,MV. GENTING DREAM,Tanjung Perak,12/12/17,12/12/17,SINGAPORE,CELUKAN BAWANG,,2561,2561,1281
99,MV. GENTING DREAM,Tanjung Perak,26/12/17,26/12/17,SINGAPORE,CELUKAN BAWANG,,4406,4406,2203
100,MS. EUROPA,Lembar,08/1/17,08/1/17,BENOA,KOMODO,,337,337,169
101,MV. SEABOURN ENCORE,Lembar,18/1/17,18/1/17,BENOA,KOMODO,,404,404,202
102,MV. VOLENDAM,Lembar,07/2/17,07/2/17,KOMODO,BENOA,,1262,1262,631
103,MV. SEABOURN ENCORE,Lembar,21/3/17,21/3/17,KOMODO,BENOA,,346,346,173
104,MS. PAUL GAUGUIN,Lembar,14/5/17,14/5/17,KOMODO,BENOA,,247,247,124
105,MV. STAR CLIPPER,Lembar,26/5/17,26/5/17,GILI TRAWANGAN,GILI NANGU,,0,0,100
106,MS. PAUL GAUGUIN,Lembar,08/6/17,08/6/17,BENOA,KOMODO,,250,250,125
107,MV. SEA PRINCESS,Lembar,30/9/17,30/9/17,BENOA,FREMANTLE,,1301,1301,651
108,MS. VOLENDAM,Tanjung Priok,02/2/17,02/2/17,SINGAPURA,SEMARANG,,1374,1374,687
109,MS. STAR CLIPPER,Tanjung Priok,11/5/17,11/5/17,P. SERIBU,P. KARIMUN JAWA,,136,136,76
110,MV. PACIFIC EDDEN,Tanjung Priok,13/7/17,13/7/17,PROBOLINGGO,SINGAPURA,,1404,1400,700
111,MS. STAR CLIPPER,Tanjung Priok,23/10/17,23/10/17,KARIMUN JAWA,KEPULAUAN SERIBU,,151,151,76
112,MV. SILVER SHADOW,Tanjung Priok,19/11/17,19/11/17,SINGAPURA,SEMARANG,,344,375,188
113,VOLENDAM,Tanjung Perak,07/1/18,07/1/18,TANJUNG EMAS,"SLAWY BAY, KOMODO",,1362,1362,681
114,GENTING DREAM,Tanjung Perak,09/1/18,09/1/18,SINGAPORE,CELUKAN BAWANG,,1725,1725,863
115,AZAMARA JOURNEY,Tanjung Perak,18/1/18,18/1/18,TANJUNG EMAS,CELUKAN BAWANG,,668,668,334
116,GENTING DREAM,Tanjung Perak,23/1/18,23/1/18,SINGAPORE,CELUKAN BAWANG,,2433,2433,"1,217"
117,VOLENDAM,Tanjung Perak,18/2/18,18/2/18,TANJUNG EMAS,"SLAWY BAY, KOMODO",,1361,1361,681
118,SILVER WHISPER,Tanjung Perak,08/3/18,08/3/18,BENOA,MUARA,,258,258,129
119,SEABOURN ENCORE,Tanjung Perak,18/3/18,18/3/18,PROBOLINGGO,CELUKAN BAWANG,,568,568,284
120,GENTING DREAM,Tanjung Perak,20/3/18,20/3/18,SINGAPORE,CELUKAN BAWANG,,3018,3018,"1,509"
121,SEABOURN SOJOURN,Tanjung Perak,02/4/18,02/4/18,UK,BENOA,,434,434,217
122,GENTING DREAM,Tanjung Perak,03/4/18,03/4/18,SINGAPORE,CELUKAN BAWANG,,3489,3489,"1,745"
123,GENTING DREAM,Tanjung Perak,20/11/18,20/11/18,SINGAPORE,CELUKAN BAWANG,,2327,2327,"1,164"
124,SEABOURN ENCORE,Tanjung Perak,30/11/18,30/11/18,PROBOLINGGO,TANJUNG EMAS,,565,565,283
125,VIKING ORION,Tanjung Perak,28/11/18,28/11/18,TANJUNG EMAS,CELUKAN BAWANG,,901,901,451
126,AZAMARA QUEST,Tanjung Perak,10/12/18,10/12/18,SINGAPORE,CELUKAN BAWANG,,542,542,271
127,GENTING DREAM,Tanjung Perak,11/12/18,11/12/18,SINGAPORE,CELUKAN BAWANG,,3531,3531,"1,766"
128,VOLENDAM,Semarang,06/1/18,06/1/18,JAKARTA,SINGAPORE,,1359,1359,680
129,AZAMARA JOURNEY,Semarang,17/1/18,17/1/18,DARWIN,SINGAPORE,,668,668,334
130,SEVEN SEAS VOYAGER,Semarang,05/2/18,05/2/18,JAKARTA,DARWIN,,662,662,331
131,PASIFIC VENUS,Semarang,12/2/18,12/2/18,KLANG,TANJUNG EMAS,,307,307,154
132,VOLENDAM,Semarang,17/2/18,17/2/18,JAKARTA,SINGAPORE,,1365,1365,683
133,VIKING SUN,Semarang,26/2/18,26/2/18,BENOA,MUARA,,848,848,424
134,NORWEGIAN JEWEL,Semarang,08/3/18,08/3/18,BENOA,SINGAPORE,,2284,2284,"1,142"
135,EUROPA,Semarang,09/3/18,09/3/18,BENOA,SINGAPORE,,318,318,159
136,SILVER WHISPER,Semarang,09/3/18,09/3/18,TANJUNG PERAK,MUARA,,247,247,124
137,EUROPA 2,Semarang,11/3/18,11/3/18,KARIMUN JAWA,"SANDAKAN,SABAH",,412,412,206
138,COSTA LUMINOSA,Semarang,18/3/18,18/3/18,BENOA,SINGAPORE,,1966,1966,983
139,SEABOURN ENCORE,Semarang,19/3/18,19/3/18,TANJUNG PERAK,SINGAPORE,,568,568,284
140,OCEAN DREAM,Semarang,24/3/18,24/3/18,BENOA,KLANG,,534,534,267
141,SEVEN SEAS VOYAGER,Semarang,26/3/18,26/3/18,BENOA,KUCHING PORT,,682,682,341
142,SEABOURN SOJOURN,Semarang,01/4/18,01/4/18,SAI GON NEW PORT,DARWIN,,434,434,217
143,STAR CLIPPER,Semarang,13/5/18,13/5/18,KARIMUN JAWA,SINGAPORE,,137,137,69
144,STAR CLIPPER,Semarang,19/10/18,19/10/18,"SUMENEP, MADURA",SINGAPORE,,,,-
145,AMSTERDAM,Semarang,13/11/18,13/11/18,SINGAPORE,DARWIN,,902,902,451
146,NORWEGIAN JEWEL,Semarang,14/11/18,14/11/18,SINGAPORE,DARWIN,,2255,2255,"1,128"
147,VIKING ORION,Semarang,27/11/18,27/11/18,SINGAPORE,DARWIN,,905,905,453
148, SEABOURN ENCORE,Semarang,29/11/18,29/11/18,SINGAPORE,DARWIN,,565,565,283
149,AZAMARA QUEST,Semarang,09/12/18,09/12/18,SINGAPORE,BROOME,,542,542,271
150,AIDAVITA,Semarang,21/12/18,21/12/18,SINGAPORE,DARWIN,,1178,1178,589
151,SILVER MUSE,Semarang,17/12/18,18/12/18,KARIMUNJAWA,DARWIN,,415,415,208
152,STAR LEGEND,Semarang,27/12/19,27/12/19,KARIMUNJAWA,SINGAPORE,,187,187,94
153,GENTING DREAM,Celukan Bawang,01/10/18,01/10/18,TANJUNG PERAK,SINGAPORE,,1717,1717,859
154,AZAMARA JOURNEY,Celukan Bawang,19/1/18,19/1/18,TANJUNG PERAK,BENOA,,675,675,338
155,GENTING DREAM,Celukan Bawang,24/1/18,24/1/18,TANJUNG PERAK,SINGAPORE,,2419,2419,"1,210"
156,GENTING DREAM,Celukan Bawang,21/3/18,21/3/18,TANJUNG PERAK,SINGAPORE,,3004,3004,"1,502"
157,AZAMARA JOURNEY,Celukan Bawang,22/3/18,22/3/18,BENOA,SINGAPORE,,616,616,308
158,SEABOURN SOJOURN,Celukan Bawang,04/3/18,04/3/18,TANJUNG PERAK,BENOA,,434,434,217
159,GENTING DREAM,Celukan Bawang,21/11/18,21/11/18,TANJUNG PERAK,SINGAPORE,,2327,2327,"1,164"
160,SEABOURN ENCORE,Celukan Bawang,02/12/18,02/12/18,PROBOLINGGO,BENOA,,565,565,283
161,GENTING DREAM,Celukan Bawang,12/12/18,12/12/18,TANJUNG PERAK,SINGAPORE,,3531,3531,"1,766"
162,AIDA CARA,Lembar,01/2/18,01/2/18,KOMODO,BENOA,,1012,1012,506
163,VOLENDAM,Lembar,01/10/18,01/10/18,KOMODO,BENOA,,1204,1204,602
164,VOLENDAM,Lembar,21/2/18,21/2/18,KOMODO,BENOA,,1170,1170,585
165,SEBOURN ENCORE,Lembar,03/11/18,03/11/18,KOMODO,BENOA,,364,364,182
166,COSTA LUMINOSA,Lembar,14/3/18,14/3/18,CAIRNS,BENOA,,1648,1648,824
167,SUN PRINCESS,Lembar,17/5/18,17/5/18,FREMANTLE,PORT KLANG,,1412,1412,706
168,SUN PRINCESS,Lembar,06/12/18,06/12/18,FREMANTLE,PORT KLANG,,1753,1753,877
169,PACIFIC ARIA,Lembar,31/7/18,31/7/18,KOMODO,PORT KLANG,,2,2,1
170,SAPPHIRE PRINCESS,BENOA,02/1/18,02/1/18,SINGAPORE,PORTKLANG,,"2,847","2,843","1,422"
171,AIDACARA,BENOA,03/1/18,03/1/18,LOMBOK,SINGAPORE,,"1,036","1,043",522
172,REGATTA,BENOA,04/1/18,05/1/18,KOMODO,AUSTRALIA,,572,583,292
173,ASTOR,BENOA,07/1/18,07/1/18,FREMANTLE,FREMANTLE,,471,484,242
174,VOLENDAM,BENOA,11/1/18,12/1/18,LOMBOK,PROBOLINGGO,,"1,364","1,350",675
175,SILVER SHADOW,BENOA,18/1/18,18/1/18,FREMANTLE,SINGAPORE,,318,325,163
176,OCEAN DREAM,BENOA,19/1/18,20/1/18,PHILIPHINE,AUSTRALIA,,987,"1,006",503
177,AZAMARA JOURNEY,BENOA,20/1/18,21/1/18,CELUKAN BAWANG,AUSTRALIA,,668,641,321
178,SEVEN SEAS VOYAGER,BENOA,07/2/18,08/2/18,SEMARANG,KOMODO,,662,662,331
179,SAPPHIRE PRINCESS,BENOA,11/2/18,11/2/18,SINGAPORE,PORTKLANG,,"2,734","2,735","1,368"
180,PACIFIC VENUS,BENOA,14/2/18,15/2/18,SEMARANG,KOMODO,,336,336,168
181,VOLENDAM,BENOA,22/2/18,23/2/18,LOMBOK,PROBOLINGGO,,"1,364","1,356",678
182,RADIANCE OF THE SEAS,BENOA,24/2/18,24/2/18,DARWIN,PORT HEDLAND,,"2,063","2,062","1,031"
183,VIKING SUN,BENOA,24/2/18,24/2/18,KOMODO,SEMARANG,,857,857,429
184,AMSTERDAM,BENOA,26/2/18,27/2/18,FREMANTLE,PHILIPINE,,"1,144","1,162",581
185,REGATTA,BENOA,27/2/18,02/3/18,KOMODO,DARWIN,,636,562,281
186,SAPPHIRE PRINCESS,BENOA,28/2/18,28/2/18,SINGAPORE,PORTKLANG,,"2,676","2,673","1,337"
187,SEVEN SEAS NAVIGATOR,BENOA,04/3/18,05/3/18,KOMODO,SEMARANG,,429,430,215
188,SILVER WISHPER,BENOA,05/3/18,06/3/18,DARWIN,SURABAYA,,277,258,129
189,NORWEGIAN JEWEL,BENOA,05/3/18,06/3/18,KOMODO,SEMARANG,,"2,283","2,286","1,143"
190,EUROPA,BENOA,06/3/18,07/3/18,BROOME,SEMARANG,,338,318,159
191,SEABOURN ENCORE,BENOA,12/3/18,13/3/18,LOMBOK,KOMODO,,540,569,285
192,EUROPA 2,BENOA,13/3/18,14/3/18,SEMARANG,KOMODO,,408,449,225
193,COSTA LUMINOSA,BENOA,15/3/18,16/3/18,LOMBOK,SEMARANG,,"1,960","1,966",983
194,AZAMARA JOURNEY,BENOA,21/3/18,21/3/18,DARWIN,CELUKAN BAWANG,,622,617,309
195,MV.OCEAN DREAM,BENOA,21/3/18,22/3/18,DILI,SEMARANG,,492,524,262
196,SEVEN SEAS VOYAGER,BENOA,23/3/18,24/3/18,KOMODO,SEMARANG,,653,680,340
197,GOLDEN PRINCESS,BENOA,26/3/18,26/3/18,FREMANTLE,PORT KLANG,,"2,588","2,585","1,293"
198,SEABOURN SOJOURN,BENOA,04/4/18,04/4/18,CELUKAN BAWANG,"PALOPO, SULAWESI",,432,424,212
199,INSIGNIA,BENOA,26/4/18,27/4/18,KUCHING PORT,DARWIN,,620,614,307
200,CARNIVAL SPIRIT,BENOA,13/5/18,13/5/18,DARWIN,HOCHIMIN CITY,,"2,160","2,155","1,078"
201,STAR CLIPPER,BENOA,19/5/18,19/5/18,GILI TRAWANGAN,GILI KONDO,,138,136,68
202,STAR CLIPPER,BENOA,26/5/18,26/5/18,GILI NANGGU,GILI GENTENG,,136,128,64
203,STAR CLIPPER,BENOA,02/6/18,02/6/18,GILI SUDAK,GILI KONDO,,128,127,64
204,SUN PRINCESS,BENOA,04/6/18,04/6/18,KOH SAMUI,FREMANTLE,,"1,966","1,952",976
205,STAR CLIPPER,BENOA,09/6/18,09/6/18,GILI NANGGU,GILI KONDO,,127,96,48
206,CARNIVAL SPIRIT,BENOA,12/6/18,12/6/18,THAILAND,KOMODO,,"2,068","2,058","1,029"
207,STAR CLIPPER,BENOA,20/6/18,20/6/18,GILI SUDAK,GILI KONDO,,95,65,33
208,STAR CLIPPER,BENOA,30/6/18,30/6/18,GILI SUDAK,GILI KONDO,,65,92,46
209,STAR CLIPPER,BENOA,07/7/18,07/7/18,GILI NANGGU,GILI GENTENG,,92,68,34
210,STAR CLIPPER,BENOA,14/7/18,14/7/18,GILI SUDAK,GILI KONDO,,68,105,53
211,STAR CLIPPER,BENOA,21/7/18,21/7/18,GILI NANGGU,GILI KONDO,,105,95,48
212,STAR CLIPPER,BENOA,01/8/18,01/8/18,GILI SUDAK,GILI KONDO,,95,93,47
213,STAR CLIPPER,BENOA,11/8/18,11/8/18,GILI SUDAK,GILI KONDO,,93,121,61
214,PACIFIC ARIA,BENOA,18/8/18,18/8/18,SINGAPORE,KOMODO,,"1,296","1,291",646
215,STAR CLIPPER,BENOA,18/8/18,19/8/18,LOVINA,LOVINA,,120,65,33
216,STAR CLIPPER,BENOA,25/8/18,25/8/18,LOVINA,LOVINA,,67,137,69
217,STAR CLIPPER,BENOA,01/9/18,01/9/18,LABUHAN HAJI,LABUAN HAJI,,137,88,44
218,STAR CLIPPER,BENOA,08/9/18,08/9/18,LABUHAN HAJI,LABUAN HAJI,,88,120,60
219,SILVER DISCOVERER,BENOA,09/9/18,09/9/18,WAIKELO,PROBOLINGGO,,99,90,45
220,STAR CLIPPER,BENOA,15/9/18,15/9/18,LOVINA,LOVINA,,120,88,44
221,STAR CLIPPER,BENOA,22/9/18,22/9/18,LOVINA,LOVINA,,86,139,70
222,STAR CLIPPER,BENOA,29/9/18,29/9/18,LOVINA,LOVINA,,139,103,52
223,STAR CLIPPER,BENOA,06/10/18,06/10/18,GILI SUDAK,LABUAN HAJI,,103,132,66
224,STAR CLIPPER,BENOA,13/10/18,13/10/18,GILI SUDAK,LABUAN HAJI,,132,128,64
225,SUN PRINCESS,BENOA,14/10/18,14/10/18,PORT KLANG,FREMANTLE,,"2,040","2,025","1,013"
226,AMSTERDAM,BENOA,15/11/18,15/11/18,SEMARANG,KOMODO,,897,885,443
227,NORWEGIAN JEWELL,BENOA,16/11/18,17/11/18,SEMARANG,KOMODO,,"2,252","2,250","1,125"
228,VIKING ORION,BENOA,29/11/18,01/12/18,SEMARANG,KOMODO,,901,895,448
229,SAPPHIRE PRINCESS,BENOA,01/12/18,01/12/18,SINGAPORE,PORT KLANG,,"2,696","2,703","1,352"
230,SEABOURN ENCORE,BENOA,03/12/18,03/12/18,CLKN BAWANG,BENOA,,565,542,271
231,AIDA VITA,BENOA,06/12/18,07/12/18,SINGAPURA,BENOA,,"1,172","1,145",573
232,AZAMARA QUEST,BENOA,11/12/18,12/12/18,SURABAYA,LABUAN BAJO,,542,544,272
233,SILVER MUSE,BENOA,21/12/18,21/12/18,SEMARANG,KOMODO,,421,506,253
234,ASTOR,BENOA,22/12/18,23/12/18,FREMANTLE,FREMANTLE,,453,469,235
235,REGATTA,BENOA,27/12/18,28/12/18,KOMODO,BROOME,,640,643,322
236,SEVEN SEAS MARINE,BENOA,31/12/18,01/1/19,KOMODO,BROME,,489,556,278
237,MS. VOLENDAM,Tanjung Priok,05/1/18,05/1/18,SINGAPURA,SEMARANG,,1370,1370,681
238,MS. SEVEN SEAS VOYAGER,Tanjung Priok,04/2/18,04/2/18,SINGAPURA,SEMARANG,,672,672,331
239,MS. VOLENDAM,Tanjung Priok,16/2/18,16/2/18,SINGAPURA,SEMARANG,,1383,1383,681
240,MV. EUROPA,Tanjung Priok,10/3/18,10/3/18,SEMARANG,SINGAPURA,,318,318,159
241,MS. GENTING DREAM,Tanjung Priok,04/4/18,04/4/18,SEMARANG,SINGAPURA,,3461,3482,863
242,MV. STAR CLIPPER,Tanjung Priok,10/5/18,10/5/18,P.SERIBU,P.KARIMUN,,118,118,70
243,MV. STAR CLIPPER,Tanjung Priok,22/10/18,22/10/18,KARIMUN JAWA,P.SERIBU,,134,134,69
244,MV. VIKING ORION,Tanjung Priok,25/11/18,25/11/18,SINGAPURA,SEMARANG,,930,930,453
245,MS. AZAMARA QUEST,Tanjung Priok,08/12/18,08/12/18,SINGAPURA,SEMARANG,,560,560,271
246,MV. SILVER MUSE,Tanjung Priok,15/12/18,15/12/18,SINGAPURA,SEMARANG,,559,558,208
247,MV. STAR LEGEND,Tanjung Priok,25/12/18,25/12/18,SINGAPURA,KARIMUN JAWA,,188,187,94
248,DIAMOND PRINCESS,BENOA,01/1/19,01/1/19,SINGAPORE,PORT KLANG,,"2,871","2,862","1,431"
249,STAR LEGEND,LEMBAR,01/1/19,01/1/19,KOMODO,BENOA,,200,152,76
250,STAR LEGEND,BENOA,02/1/19,02/1/19,LEMBAR,LEMBAR,,188,180,90
251,MV. AIDAVITA,LEMBAR,02/1/19,02/1/19,KOMODO,SURABAYA,,"1,200","1,165",583
252,STAR LEGEND,LEMBAR,03/1/19,03/1/19,BENOA,KOMODO,,200,117,59
253,MV. AIDA VITA,TANJUNG PERAK,04/1/19,04/1/19,LEMBAR,SINGAPURA,,"1,169","1,169",585
254,MS STAR LEGEND,SEMARANG,08/1/19,08/1/19,BAWEAN,KARIMUNJAWA,,181,181,91
255,SEABOURN SOJOURN,BENOA,11/1/19,11/1/19,KOMODO,SEMARANG,,421,421,211
256,MS SEABOURN SOJOURN,SEMARANG,13/1/19,13/1/19,BENOA,SINGAPURA,,421,421,211
257,LAPEROUSE,BENOA,14/1/19,14/1/19,KOMODO,PULAU BANTA,,175,178,89
258,MS. GENTING DREAM,TANJUNG PERAK,15/1/19,15/1/19,SINGAPURA,SINGAPURA,,"2,544","2,544","1,272"
259,MS GENTING DREAM,CELUKAN BAWANG,16/1/19,16/1/19,SINGAPORE,SURABAYA,,"2,534","2,534","1,267"
260,EUROPA 2,BENOA,19/1/19,20/1/19,MALAYSIA,DARWIN,,452,412,206
261,ASTOR,BENOA,19/1/19,20/1/19,FREMANTLE,FREMANTLE,,458,467,234
262,MS MAASDAM,CELUKAN BAWANG,21/1/19,21/1/19,PROBOLINGGO,P BAY,,"1,057","1,057",529
263,MS MAASDAM,TANJUNG PERAK,23/1/19,23/1/19,DILI,SINGAPURA,,569,569,285
264,MS MASDAAM,SEMARANG,24/1/19,24/1/19,TG. PERAK,SINGAPURA,,"1,053","1,053",527
265,MS AIDA VITA,SEMARANG,01/2/19,01/2/19,SINGAPURA,LEMBAR,,"1,186","1,186",593
266,MS AMADEA,SEMARANG,03/2/19,03/2/19,SINGAPURA,KARIMUNJAWA,,530,530,265
267,SEVEN SEAS MARINER,BENOA,03/2/19,04/2/19,KOMODO,SEMARANG,,617,620,310
268,MV. AIDAVITA,LEMBAR,03/2/19,03/2/19,TANJUNG EMAS,KOMODO,,"1,200","1,183",592
269,MS SEVEN SEAS MARINE,SEMARANG,06/2/19,06/2/19,BENOA,SINGAPURA,,620,620,310
270,AMADEA,BENOA,06/2/19,06/2/19,PROBOLINGGO,EXMOUTH,,529,524,262
271,AIDA VITA,BENOA,12/2/19,13/2/19,DARWIN,SINGAPORE,,"1,163","1,179",590
272,MV. AIDA VITA,TANJUNG PERAK,15/2/19,15/2/19,BENOA,SINGAPURA,,"1,176","1,176",588
273,SILVER WHISPER,BENOA,16/2/19,16/2/19,KOMODO,MALAYSIA,,307,315,158
274,SEVEN SEAS NAVIGATOR,BENOA,25/2/19,26/2/19,KOMODO,UJUNG PANDANG,,388,376,188
275,NORWEGIAN JEWEL,BENOA,27/2/19,28/2/19,KOMODO,SEMARANG,,"2,251","2,245","1,123"
276,MS NOWERGIAN JEWEL,SEMARANG,02/3/19,02/3/19,BENOA,SINGAPURA,,"2,245","2,245","1,123"
277,SAPPHIRE PRINCESS,BENOA,03/3/19,03/3/19,SINGAPORE,PORT KLANG,,"2,692","2,691","1,346"
278,PACIFIC JEWEL,BENOA,05/3/19,05/3/19,FREMANTLE,PENANG,,"1,610","1,592",796
279,SILVER MUSE,BENOA,08/3/19,09/3/19,AUSTRALIA,MALAYSIA,,503,296,148
280,QUEEN VICTORIA,BENOA,11/3/19,11/3/19,DARWIN,HO CHI MINH CITY,,"1,851","1,860",930
281,MV SUN PRINCESS,LEMBAR,15/3/19,15/3/19,DARWIN,KOMODO,,"2,200","1,935",968
282,INSIGNIA,BENOA,16/3/19,17/3/19,KOMODO,PUERTO PRINCESSA,,619,622,311
283,AZAMARA QUEST,BENOA,17/3/19,17/3/19,KOMODO,SURABAYA,,637,636,318
284,MS. AZAMARA QUEST,TANJUNG PERAK,18/3/19,18/3/19,BENOA,SINGAPURA,,636,636,318
285,AMSTERDAM,BENOA,18/3/19,18/3/19,KOMODO,SEMARANG,,"1,159","1,158",579
286,MV. GENTING DREAM,TANJUNG PERAK,19/3/19,19/3/19,SINGAPURA,CELUKAN BAWANG,,"3,024","3,024","1,512"
287,MS AZAMARA QUEST,SEMARANG,19/3/19,19/3/19,TG. PERAK,SINGAPURA,,637,637,319
288,MS AMSTERDAM,SEMARANG,20/3/19,20/3/19,BENOA,SINGAPURA,,"1,159","1,159",580
289,SILVER DISCOVERER,BENOA,20/3/19,20/3/18,PROBOLINGGO,KOMODO,,48,91,46
290,MS GENTING DREAM,CELUKAN BAWANG,20/3/19,20/3/19,SINGAPORE,SURABAYA,,"3,034","3,034","1,517"
291,COSTA LUMINOSA,BENOA,21/3/19,22/3/19,KOMODO,SINGAPORE,,"1,774","1,782",891
292,PASIFIC EDEN,BENOA,25/3/19,26/3/19,FREMANTLE,PORT KLANG,,"1,219","1,216",608
293,MV VIKING ORION,LEMBAR,25/3/19,25/3/19,KOMODO,BENOA,,923,559,280
294,VIKING ORION,BENOA,26/3/19,27/3/19,LEMBAR,SURABAYA,,877,922,461
295,MS. VIKING ORION,TANJUNG PERAK,28/3/19,28/3/19,SINGAPURA,SINGAPURA,,922,922,461
296,MS VIKING ORION,SEMARANG,29/3/19,29/3/19,TG. PERAK,TG. PRIOK,,922,922,461
297,EUROPA 2,BENOA,07/4/19,08/4/19,KOMODO,SEMARANG,,399,485,243
298,MV EUROPE 2,SEMARANG,10/4/19,10/4/19,BENOA,KARIMUNJAWA,,465,465,233
299,SEABOURN ENCORE,BENOA,12/4/19,13/4/19,SENGGIGI/LOMBOK,KOMODO,,547,551,276
300,MS SEABOURN ENCORE,CELUKAN BAWANG,16/4/19,16/4/19,PROBOLINGGO,P KOMODO,,552,552,276
301,MS. SEABOURN ENCORE,TANJUNG PERAK,18/4/19,18/4/19,PROBOLINGGO,SINGAPURA,,552,552,276
302,MS SEABOURN ENCORE,SEMARANG,19/4/19,19/4/19,TG. PERAK,SINGAPURA,,550,550,275
303,CRYSTAL SYMPHONY,BENOA,22/4/19,23/4/19,KOMODO,SINGAPORE,,663,660,330
304,MV. GENTING DREAM,TANJUNG PERAK,14/5/19,14/5/19,SINGAPURA,SINGAPURA,,"2,675","2,675","1,338"
305,MS GENTING DREAM,CELUKAN BAWANG,15/5/19,15/5/19,SURABAYA,SINGAPORE,,"2,665","2,665","1,333"
306,PANORAMA II,BENOA,30/5/19,15/6/19,LOMBOK,KERAMAT ISLAND,,-,39,20
307,PANORAMA II,BENOA,09/6/19,29/6/19,LOMBOK,KERAMAT ISLAND,,14,32,16
308,MV STAR CLIPPER,SEMARANG,16/6/19,16/6/19,KARIMUNJAWA,SUMENEP,,73,73,37
309,PANORAMA II,BENOA,22/6/19,22/6/19,LOMBOK,KERAMAT ISLAND,,39,16,8
310,STAR CLIPPER,BENOA,22/6/19,22/6/19,GILI MENO,GILI KONDO,,73,153,77
311,STAR CLIPPER,BENOA,29/6/19,29/6/19,GILI NANGGU,GILI GENTENG,,153,147,74
312,STAR CLIPPER,BENOA,06/7/19,06/7/18,GILI SUDAK,GILI KONDO,,127,136,68
313,PANORAMA II,BENOA,06/7/19,06/7/19,LOMBOK,KERAMAT ISLAND,,32,22,11
314,SILVER DISCOVERER,BENOA,09/7/19,09/7/19,TANJUNG WANGI,TANJUNG WANGI,,79,90,45
315,MS. SILVER DISCOVERER,TANJUNG TEMBAGA,11/7/19,11/7/19,TANJUNGWANGI,SUMENEP,,90,90,45
316,STAR CLIPPER,BENOA,13/7/19,13/7/19,GILI NANGGU,GILI GENTENG,,116,110,55
317,PANORAMA II,BENOA,13/7/19,20/7/19,LOMBOK,KERAMAT ISLAND,,23,49,25
318,MV. SILVER DISCOVERER,SEMARANG,14/7/19,14/7/19,KARIMUNJAWA,SINGAPORE,,97,97,49
319,STAR CLIPPER,BENOA,20/7/19,20/7/19,GILI SUDAK,GILI KONDO,,146,110,55
320,PANORAMA II,BENOA,27/7/19,27/7/19,LOMBOK,KERAMAT ISLAND,,49,16,8
321,MV. GENTING DREAM,TANJUNG PERAK,30/7/19,30/7/19,SINGAPURA,CELUKAN BAWANG,,"3,068","3,068","1,534"
322,STAR CLIPPER,BENOA,31/7/19,31/7/19,GILI SUDAK,GILI KONDO,,113,106,53
323,MS GENTING DREAM,CELUKAN BAWANG,31/7/19,31/7/19,SINGAPORE,SURABAYA,,"2,665","2,665","1,333"
324,PANORAMA II,BENOA,03/8/19,03/8/19,LOMBOK,KERAMAT ISLAND,,16,46,23
325,STAR CLIPPER,BENOA,10/8/19,10/8/19,GILI SUDAK,GILI KONDO,,107,158,79
326,PASIFIC DAWN,BENOA,10/8/19,10/8/19,KOMODO,SINGAPORE,,7,5,3
327,STAR CLIPPER,BENOA,17/8/19,17/8/19,GILI NANGGU,GILI GENTENG,,138,131,66
328,PANORAMA II,BENOA,17/8/19,17/8/19,LOMBOK,KERAMAT ISLAND,,45,10,5
329,MS. STAR CLIPPER,TANJUNG TEMBAGA,20/8/19,20/8/19,"GILI GENTENG, MADUR","LOVINA, BALI",,154,154,77
330,STAR CLIPPER,BENOA,24/8/19,24/8/19,GILI SUDAK,GILI KONDO,,120,124,62
331,PANORAMA II,BENOA,24/8/19,24/8/19,LOMBOK,KERAMAT ISLAND,,9,28,14
332,MV. GENTING DREAM,TANJUNG PERAK,27/8/19,27/8/19,SINGAPURA,CELUKAN BAWANG,,"2,039","2,039","1,020"
333,PASIFIC DAWN,BENOA,28/8/19,28/8/19,SINGAPORE,KOMODO,,9,5,3
334,MS GENTING DREAM,CELUKAN BAWANG,28/8/19,28/8/19,SINGAPORE,SURABAYA,,"3,098","3,098","1,549"
335,PANORAMA II,BENOA,31/8/19,31/8/19,LOMBOK,PULAU KENAWA,,29,47,24
336,STAR CLIPPER,BENOA,31/8/19,31/8/19,GILI NANGGU,GILI GENTENG,,147,123,62
337,MS. STAR CLIPPER,TANJUNG TEMBAGA,03/9/19,03/9/19,"GILI GENTENG, MADUR","LOVINA, BALI",,133,133,67
338,STAR CLIPPER,BENOA,07/9/19,07/9/19,GILI SUDAK,GILI KONDO,,128,143,72
339,PANORAMA II,BENOA,07/9/19,07/9/19,LOMBOK,KERAMAT ISLAND,,45,31,16
340,LAPEROUSE,BENOA,11/9/19,11/9/19,KOMODO,PULAU BANTA,,122,126,63
341,MV. LE LAPEROUSE,SEMARANG,13/9/19,13/9/19,BENOA,SINGAPORE,,156,156,78
342,STAR CLIPPER,BENOA,14/9/19,14/9/19,GILI NANGGU,GILI GENTENG,,130,126,63
343,PANORAMA II,BENOA,14/9/19,14/9/19,LOMBOK,KERAMAT ISLAND,,143,109,55
344,STAR CLIPPER,BENOA,21/9/19,21/9/19,GILI SUDAK,GILI MENO,,45,23,12
345,PANORAMA II,BENOA,21/9/19,21/9/19,LOMBOK,KERAMAT ISLAND,,46,45,23
346,SPV. STAR CLIPPER,SEMARANG,27/9/19,27/9/19,"SUMENEP,MADURA",SINGAPORE,,110,110,55
347,CORAL ADVENTURER,ENDE,30/9/19,30/9/19,PULAU KOMODO,KALABAHI,,81,81,41
348,SUN PRINCESS,BENOA,05/10/19,05/10/19,HO CHI MINH,DARWIN,,"1,975","1,975",988
349,EXPLORER DREAM,BENOA,17/10/19,17/10/19,JAKARTA,DARWIN,,"1,283","1,283",642
350,MS SUN PRINCESS,LEMBAR,05/11/19,05/11/19,FREMANTLE,PORT KLANG,,"1,988","1,988",994
351,SILVER MUSE,SEMARANG,20/11/19,20/11/19,SINGAPURA,BENOA,,567,567,284
352,AIDA VITA,SEMARANG,21/11/19,21/11/19,SINGAPURA,SURABAYA,,"1,238","1,238",619
353,MV. AIDA VITA,TANJUNG PERAK,22/11/19,22/11/19,SEMARANG,LABUAN BAJO,,"1,114","1,114",557
354,SILVER MUSE,BENOA,22/11/19,22/11/19,SEMARANG,MALAYSIA,,524,48,24
355,SUN PRINCESS,BENOA,23/11/19,23/11/19,KO SAMUI,FREMANTLE,,"1,961",22,11
356,MV. AIDAVITA,LEMBAR,25/11/19,25/11/19,KOMODO,BENOA,,"1,114","1,114",557
357,AIDA VITA,BENOA,26/11/19,27/11/19,LEMBAR,SINGAPORE,,"1,238","1,238",619
358,CARNIVAL SPLENDOR,BENOA,28/11/19,28/11/19,CELUKAN BAWANG,KOMODO,,"3,031","3,004","1,502"
359,MS SEABOURN ENCORE,SEMARANG,30/11/19,30/11/19,SINGAPURA,SURABAYA,,547,547,274
360,MV. SEABORN ENCORE,TANJUNG PERAK,01/12/19,01/12/19,SEMARANG,PROBOLINGGO,,567,567,284
361,MS SUN PRINCESS,LEMBAR,01/12/19,01/12/19,FREMANTLE,PORT KLANG,,"1,930","1,931",966
362,SEABOURN ENCORE,BENOA,04/12/19,04/12/19,SURABAYA,DARWIN,,567,580,290
363,AIDAVITA,SEMARANG,04/12/19,04/12/19,SINGAPORE,DARWIN,,987,987,494
364,AIDA VITA,BENOA,06/12/19,07/12/19,SURABAYA,DARWIN,,987,988,494
365,BOUDICCA,SEMARANG,06/12/19,06/12/19,SINGAPORE,BROOME,,540,540,270
366,MV BOUDICCA,LEMBAR,08/12/19,08/12/19,TANJUNG EMAS,KOMODO,,540,540,270
367,VIKING ORION,SEMARANG,08/12/19,08/12/19,JAKARTA,DARWIN,,887,887,444
368,MV. VIKING ORION,TANJUNG PERAK,09/12/19,09/12/19,SEMARANG,BENOA,,883,883,442
369,VIKING ORION,BENOA,10/12/19,11/12/19,SURABAYA,LEMBAR,,887,826,413
370,BOUDICCA,BENOA,10/12/19,12/12/19,KOMODO,BROOME,,540,585,293
371,MV VIKING ORION,LEMBAR,12/12/19,12/12/19,BENOA,KOMODO,,897,899,450
372,SAPPHIRE PRINCESS,BENOA,14/12/19,14/12/19,THAILAND,SINGAPORE,,"2,784","2,762","1,381"
373,MV. AIDA VITA,LEMBAR,16/12/19,16/12/19,KOMODO,TANJUNG PERAK,,977,977,489
374,MV. AIDA VITA,TANJUNG PERAK,18/12/19,18/12/19,LEMBAR,SINGAPURA,,976,976,488
375,SUN PRINCESS,BENOA,19/12/19,19/12/19,KOSAMUI,FREMANTLE,,"1,977","1,961",981
376,REGATTA,BENOA,20/12/19,21/12/19,KOMODO,EXMOUTH,,633,650,325
377,SEVEN SEAS VOYAGER,SEMARANG,23/12/19,23/12/19,JAKARTA,DARWIN,,619,619,310
378,SEVEN SEAS VOYAGER,BENOA,25/12/19,26/12/19,TJ EMAS,KOMODO,,618,616,308
379,SAPPHIRE PRINCESS,BENOA,31/12/19,31/12/19,SINGAPORE,PORT KLANG,,"2,690","2,690","1,345"
380,SUN PRINCESS,SEMARANG,31/12/19,31/12/19,UJUNG,GERALDTON,,"2,107","2,107","1,054"
381,MS SEABOURN ENCORE,CELUKAN BAWANG,03/12/19,03/12/19,PROBOLINGGO,BENOA,,567,567,284
382,MV. STAR LEGEND,Tanjung Priok,10/1/19,10/1/19,SEMARANG,SINGAPURA,,179,179,91
383,MV. VIKING ORION,Tanjung Priok,30/3/19,31/3/19,SEMARANG,SINGAPURA,,941,941,280
384,MV. STAR CLIPPER,Tanjung Priok,13/6/19,13/6/19,KEP. SERIBU,KARIMUN JAWA,,72,73,37
385,MV. STAR CLIPPER,Tanjung Priok,30/9/19,30/9/19,KARIMUN JAWA,KEP. SERIBU,,110,110,37
386,MV. EXPLORER DREAM,Tanjung Priok,15/10/19,15/10/19,SINGAPURA,"BENOA,BALI",,1283,1288,642
387,MS. VIKING ORION,Tanjung Priok,06/12/19,07/12/19,SINGAPURA,SEMARANG,,888,887,280
388,MS. SEVEN SEAS VOYAGER,Tanjung Priok,22/12/19,22/12/19,SINGAPURA,SEMARANG,,623,619,310
389,SUN PRINCESS,BENOA,03/1/20,03/1/20,SINGAPORE,PORT KLANG,,"2,105","2,088",1044
390,OCEAN DREAM,BENOA,03/1/20,04/1/20,LEMBAR,LEMBAR,,"1,035","1,018",509
391,AIDA VITA,BENOA,17/1/20,18/1/20,KOMODO,PULAU BANTA,,"1,211","1,188",594
392,VASCO DA GAMA (8 okt 18),BENOA,19/1/20,20/1/20,MALAYSIA,DARWIN,,955,909,455
393,EUROPA (16 nov 18),BENOA,20/1/20,20/1/20,FREMANTLE,FREMANTLE,,327,318,159
394,BOUDICCA,BENOA,22/1/20,24/1/20,KOMODO,SEMARANG,,538,530,265
395,SEVEN SEAS NAVIGATOR,BENOA,07/2/20,08/2/20,PROBOLINGGO,EXMOUTH,,444,395,198
396,PACIFIC EXPLORER,BENOA,07/2/20,07/2/20,DARWIN,SINGAPORE,,"1,908","1,902",951
397,SEVEN SEAS VOYAGER,BENOA,11/2/20,12/2/20,KOMODO,MALAYSIA,,589,402,201
398,VASCO DA GAMA,BENOA,19/2/20,19/2/20,KOMODO,UJUNG PANDANG,,948,947,474
399,ARTANIA,BENOA,25/2/20,27/2/20,AUSTRALIA,MALAYSIA,,769,762,381
400,ALBATROS,BENOA,06/3/20,08/3/20,PROBOLINGGO,KOMODO,,343,377,189
401,VIKING SUN,BENOA,08/3/20,10/3/20,KOMODO,SINGAPORE,,738,361,181
402,COLOMBUS,BENOA,09/3/20,09/3/20,FREMANTLE,PORT KLANG,,"1,028","1,027",514
403,SUN PRINCESS,GIILIMAS LEMBAR,02/1/20,02/1/20,TANJUNG EMAS,BENOA,,"2,107","2,105",1053
404,AIDA VITA,GIILIMAS LEMBAR,27/1/20,27/1/20,KOMODO,SURABAYA,,"1,209","1,212",606
405,PACIFIC EXPLORER,GIILIMAS LEMBAR,08/2/20,08/2/20,BENOA,SINGAPORE,,"1,901","1,901",951
406,VASCO DA GAMA,GIILIMAS LEMBAR,20/2/20,08/2/20,BENOA,SEMARANG,,947,947,474
407,ALBATROS,GIILIMAS LEMBAR,09/3/20,09/3/20,BENOA,KARIMUNJAWA,,377,377,189
408,COLUMBUS,GIILIMAS LEMBAR,10/3/20,11/3/20,BENOA,TANJUNG EMAS,,"1,027","1,026",513
409,AIDA VITA,SEMARANG,15/1/20,15/1/20,SINGAPORE,DARWIN,,"1,211","1,211",606
410,SEVEN SEAS VOYAGER,SEMARANG,14/2/20,14/2/20,BENOA,SINGAPORE,,402,402,201
411,VASCO DA GAMA,SEMARANG,22/2/20,22/2/20,LOMBOK,SINGAPORE,,948,948,474
412,COLUMBUS,SEMARANG,13/3/20,14/3/20,JAKARTA,KOTA KINABALU,,"1,027","1,026",700
413,AIDA VITA,SURABAYA,29/1/20,29/1/20,LEMBAR,SINGAPURA,,1206,1206,603
414,LE LAPEROUSE,BENOA,19/9/22,20/9/22,KOMODO,PROBOLINGGO,,127,85,]
415,LE LAPEROUSE,TANJUNG EMAS,24/9/22,24/9/22,KARIMUNJAWA,KRAKATAU,,85,85,43
416,NATIONAL GEOGRAPHIC,BENOA,27/10/22,28/10/22,KALABAHI,SONGAPORE,,53,0,27
417,QUEEN ELIZABETH,BENOA,03/11/22,03/11/22,SINGAPORE,NORWAY,,"1,736","1,729",868
418,VIKING ORION,BENOA,03/11/22,03/11/22,TJ PRIUK,FREMANTLE,,353,263,177
419,REGATTA,LEMBAR,14/11/22,14/11/22,LABUAN BAJO,CELUKAN BAWANG,,341,341,171
420,MS REGATA,Celukan Bawang,15/11/20,16/11/22,LEMBAR,MALAYSIAN,,335,335,168
421,LE LAPEROUSE,TANJUNG EMAS,18/11/22,18/11/22,SINGAPORE,KARIMUNJAWA,,94,94,47
422,VIKING ORION,BENOA,21/11/22,22/11/22,SINGAPORE,DARWIN,,777,843,389
423,LE LAPEROUSE,BENOA,22/11/22,23/11/22,PROBOLINGGO,BENOA,,94,97,47
424,VIKING ORION,LEMBAR,23/11/22,23/11/22,BENOA,LABUAN BAJO,,842,842,421
425,REGATTA,BENOA,25/11/22,26/11/22,SINGAPORE,DARWIN,,603,593,302
426,NATIONAL GEOGRAPHIC,BENOA,30/11/22,30/11/22,LABUHAN LALANG,MORESBY,,88,85,44
427,SILVER MUSE,BENOA,05/12/22,05/12/22,SINGAPORE,LOMBOK,,506,468,253
428,SILVER MUSE,LEMBAR,06/12/22,06/12/22,BENOA,FERMANTLE,,461,461,231
429,VIKING MARS,TANJUNG EMAS,08/12/22,08/12/22,JAKARTA,SURABAYA,,773,773,387
430,MV Viking Mars,Tanjung Perak,09/12/22,09/12/22,"TANJUNG EMAS, SEMA",BENOA,,773,773,387
431,VIKING MARS,BENOA,10/12/22,11/12/22,TANJUNG PERAK,TANJUNG PERAK,,773,786,387
432,VIKING MARS,LEMBAR,12/12/22,12/12/22,BENOA,KOMODO,,780,780,390
433,SEVEN SEAS EXPLORER,TANJUNG EMAS,14/12/22,14/12/22,SINGAPORE,SURABAYA,,625,625,313
434,AZAMARA QUEST,BENOA,14/12/22,15/12/22,SINGAPORE,FREMANTLE,,403,392,202
435,MV Seven Seas Explorer,Tanjung Perak,15/12/22,15/12/22,"TANJUNG EMAS, SEMA",BENOA,,625,625,313
436,SEVEN SEAS EXPLORER,BENOA,16/12/22,17/12/22,TANJUNG EMAS,DARWIN,,625,626,313
437,EUROPA 2,TANJUNG EMAS,17/12/22,17/12/22,JAKARTA,BALI,,273,273,137
438,MV EUROPA 2,BENOA,19/12/22,20/12/22,TANJUNG EMAS,DARWIN,,273,359,137
439,MV Genting Dream,Tanjung Perak,20/12/22,20/12/22,SINGAPORE,BENOA,,"3,982","3,982",1991
440,GENTING DREAM,CELUKAN BAWANG,21/12/22,21/12/22,SURABAYA,SINGAPORE,,"3,956","3,956",1978
441,REGATTA,BENOA,25/12/22,26/12/22,KOMODO,BROOME,,611,593,306
442,QUEEN ELISABETH 2,Tanjung Priok,01 11 22,01 11 22,SINGAPORE,BENOA,,1768,1760,868
443,SS. STATSRAAD LEHMKUH,Tanjung Priok,06/11/22,09/11/22,SINGAPORE,MARITUNIA,,258,258,100
444,MV. VIKING ORION,Tanjung Priok,17/11/22,18/11/22,SINGAPORE,SEMARANG,,783,777,421
445,VIKING MARS,Tanjung Priok,06 Des 22,07 Des 22,SINGAPORE,SEMARANG,,783,777,390
446,MS. EUROPA 2,Tanjung Priok,16 Des 22,16 Des 22,SINGAPORE,SEMARANG,,275,272,137
447,WESTERDAM,BENOA,16/1/23,16/1/23,GILIMAS,SINGAPORE,,"1,876",1841,938
448,AMERA,BENOA,25/1/23,26/1/23,PROBOLINGGO,DARWIN,,749,748,375
449,OCEAN ODYSSEY,BENOA,04/2/23,04/2/23,CELUKAN BAWANG,GILIMAS,,124,115,62
450,LE PAUL GAUGIN,BENOA,05/2/23,05/2/23,KOMODO,SINGAPORE,,232,0,116
451,SEVEN SEAS EXPLORER,BENOA,13/2/23,13/2/23,LOMBOK,CELUKAN BAWANG,,637,634,319
452,STAR BREZEE,BENOA,17/2/23,17/2/23,LOMBOK,LOMBOK,,132,122,66
453,WESTERDAM,BENOA,21/2/23,21/2/23,KOMODO,CELUKAN BAWANG,,"1,883",1868,942
454,MV EUROPA 2,BENOA,22/2/23,22/2/23,DARWIN,SEMARANG,,307,343,154
455,AZAMARA QUEST,BENOA,24/2/23,24/2/23,GERALDTON,SINGAPORE,,381,373,191
456,SILVER MUSE,BENOA,24/2/23,25/2/23,KOMODO,SINGAPORE,,530,520,265
457,QUEEN MARRY 2,BENOA,26/2/23,26/2/23,SINGAPORE,DARWIN,,0,0,"1,000"
458,OCEAN ODYSSEY,BENOA,26/2/23,26/2/23,GILI ISLAND,CELUKAN BAWANG,,133,125,67
459,SEVENSEAS MARINER,BENOA,27/2/23,27/2/23,DARWIN,CELUKAN BAWANG,,556,552,278
460,PACIFIC ECOUNTER,BENOA,28/2/23,28/2/23,SINGAPORE,LOMBOK,,"2,363",2348,"1,182"
461,VIKING NEPTUNE,BENOA,01/3/23,03/3/23,KOMODO,SEMARANG,,850,854,425
462,LE PAUL GAUGIN,BENOA,04/3/23,05/3/23,DARWIN,KOMODO,,0,204,-
463,LE LAPEROUSE,BENOA,07/3/23,07/3/23,KOMODO,KOMODO,,143,138,72
464,SILVER WHISPER,BENOA,09/3/23,09/3/23,SLAWI BAY,TANJUNG EMAS,,344,345,172
465,QUEEN ELIZABETH,BENOA,11/3/23,11/3/23,FREMANTLE,TANJUNG PRIOK,,"1,884","1,878",942
466,QUEEN VICTORIA,BENOA,12/3/23,12/3/23,DARWIN,TANJUNG PRIOK,,"1,528","1,530",764
467,VIKING ORION,BENOA,17/3/23,19/3/23,RINCA,TANJUNG EMAS,,798,808,399
468,SEABOURN SOJOURN,BENOA,27/3/23,28/3/23,PROBOLINGO,BENOA,,353,300,177
469,OCEAN ODYSSEY,CELUKAN BAWANG,03/2/23,03/2/23,PROBOLINGO,BENOA,,124,124,62
470,SEVEN SEAS EXPLORER,CELUKAN BAWANG,14/2/23,14/2/23,BENOA,SURABAYA,,636,636,318
471,STAR BREZEE,CELUKAN BAWANG,19/2/23,19/2/23,LEMBAR,PROBOLINGO,,121,121,61
472,WESTERDAM,CELUKAN BAWANG,22/2/23,22/2/23,BENOA,SURABAYA,,"1,881.00","1,881",941
473,OCEAN ODYSSEY,CELUKAN BAWANG,27/2/23,27/2/23,BENOA,PROBOLINGO,,125,125,63
474,SEVEN SEAS MARINER,CELUKAN BAWANG,01/3/23,01/3/23,BENOA,PROBOLINGO,,556,556,278
475,WESTERDAM,LEMBAR,15/1/23,15/1/23,LABUAN BAJO,BENOA,,"1,876.00","1,876",938
476,PACIFIC ECOUNTER,LEMBAR,03/2/23,03/2/23,BENOA,SINGAPORE,,"1,711.00","1,711",856
477,STAR BREZEE,LEMBAR,16/2/23,16/2/23,KOMODO,BENOA,,637,637,319
478,SEVEN SEAS EXPLORER,LEMBAR,12/2/23,12/2/23,KOMODO,BENOA,,132,132,66
479,STAR BREZEE,LEMBAR,18/2/23,18/2/23,BENOA,CELUKAN BAWANG,,122,122,61
480,WESTERDAM,LEMBAR,19/2/23,19/2/23,SINGAPORE,LEMBAR,,"1,868.00","1,868",934
481,PACIFIC ECOUNTER,LEMBAR,01/3/23,01/3/23,BENOA,DARWIN,,2348,"2,348","1,174"
482,MSC MAGNIFICA,BENOA,04/4/23,05/4/23,LOMBOK,SINGAPORE,,"1,969",1907,985
483,VIKING MARS,BENOA,06/4/23,07/4/23,LEMBAR,TANJUNG PERAK,,797,877,399
484,LE LAPEROUSE,BENOA,09/4/23,09/4/23,KOMODO,KOMODO,,122,150,61
485,LE PONANT,BENOA,17/4/23,18/4/23,SINGAPORE,DARWIN,,0,0,100
486,PACIFIC WORLD,BENOA,22/4/23,22/4/23,MANILA,SINGAPORE,,"1,262",1238,631
487,MAGNIFICA,LEMBAR,03/4/23,03/4/23,DARWIN,BENOA,,1954,"1,954",977
488,VIKING MARS,LEMBAR,05/4/23,05/4/23,KOMODO,BENOA,,797,797,399
489,SEVEN SEAS EXPLORER,Tanjung Perak,15/2/23,15/2/23,SINGAPORE,SINGAPORE,,630,630,315
490,WESTERDAM,Tanjung Perak,24/2/23,24/2/23,CELUKANG BAWANG,SINGAPORE,,1881,1871,941
491,Amera,Tanjung Emas,22/1/23,22/1/23,SINGAPORE,KARIMUNJAWA,,794,794,397
492,Ocean Odyssey,Tanjung Emas,31/1/23,31/1/23,KARIMUNJAWA,PROBOLINGGO,,124,124,62
493,Star Breeze,Tanjung Emas,22/2/23,22/2/23,BAWEAN,KARIMUNJAWA,,121,121,61
494,Europa 2,Tanjung Emas,25/2/23,25/2/23,BENOA,KARIMUNJAWA,,341,341,171
495,SEVEN SEAS MARINER,Tanjung Perak,02/3/23,02/3/23,BENOA,BANDAR SERI BEGAW,,556,552,278
496,Ocean Odyssey,Tanjung Emas,02/3/23,02/3/23,BAWEAN,KUMAI,,125,125,63
497,Viking Neptune,Tanjung Emas,05/3/23,05/3/23,BENOA,HO CHI MINH,,849,849,425
498,Silver Whisper,Tanjung Emas,11/3/23,11/3/23,BENOA,SINGAPORE,,341,341,171
499,Viking Orion,Tanjung Emas,21/3/23,21/3/23,BENOA,HO CHI MINH,,810,810,405
500,SEABOURN SOJOURN,Tanjung Perak,30/3/23,30/3/23,PROBOLINGGO,PADANG,,300,306,150
501,Viking Mars,Tanjung Emas,09/4/23,09/4/23,SURABAYA,JAKARTA,,876,882,438
502,Viking Mars,Tanjung Perak,08/4/23,08/4/23,LEMBAR,SEMARANG,,894,894,400
503,MV. WESTERDAM,Tanjung Priok,16/2/23,16/2/23,SINGAPORE,PROBOLINGGO,,1948,1939,934
504,STARBREEZE,Tanjung Priok,24/2/23,24/2/23,KARIMUN JAWA,SINGAPORE,,122,123,61
505,MS. QUEEN ELISABETH,Tanjung Priok,13/3/23,13/3/23,BENOA,SINGAPORE,,1879,1873,942
506,MS. QUEEN VICTORIA,Tanjung Priok,14/3/23,14/3/23,BENOA,PORT KLANG,,1523,1519,764
507,MV. VIKING MARS,Tanjung Priok,10/4/23,11/4/23,SEMARANG,SINGAPORE,,894,894,400
